timestamp_utc,run_id,lane,priority,combo_id,dataset,system_version,hydrological_model,product_type,probe_date,status,bytes,error_class,error_message,output_path,request_json
2026-02-16T01:28:13Z,scan_20260216T012813Z,forecast,P1,P1__forecast__version_3_1__htessel_lisflood__control_forecast,cems-glofas-forecast,version_3_1,htessel_lisflood,control_forecast,2021-06-15,dry_run,,dry_run,probe not executed in dry-run mode,repro/glofas_coverage_scan_runs/scan_20260216T012813Z/downloads/forecast/P1__forecast__version_3_1__htessel_lisflood__control_forecast/2021-06-15.zip,"{""area"": [37.2443931, -122.272464, 36.8443931, -121.872464], ""data_format"": ""grib2"", ""day"": [""15""], ""download_format"": ""zip"", ""hydrological_model"": [""htessel_lisflood""], ""leadtime_hour"": [""24""], ""month"": [""06""], ""product_type"": [""control_forecast""], ""system_version"": [""version_3_1""], ""variable"": [""river_discharge_in_the_last_24_hours""], ""year"": [""2021""]}"
2026-02-16T01:28:13Z,scan_20260216T012813Z,forecast,P1,P1__forecast__version_3_1__htessel_lisflood__control_forecast,cems-glofas-forecast,version_3_1,htessel_lisflood,control_forecast,2021-05-26,dry_run,,dry_run,probe not executed in dry-run mode,repro/glofas_coverage_scan_runs/scan_20260216T012813Z/downloads/forecast/P1__forecast__version_3_1__htessel_lisflood__control_forecast/2021-05-26.zip,"{""area"": [37.2443931, -122.272464, 36.8443931, -121.872464], ""data_format"": ""grib2"", ""day"": [""26""], ""download_format"": ""zip"", ""hydrological_model"": [""htessel_lisflood""], ""leadtime_hour"": [""24""], ""month"": [""05""], ""product_type"": [""control_forecast""], ""system_version"": [""version_3_1""], ""variable"": [""river_discharge_in_the_last_24_hours""], ""year"": [""2021""]}"
2026-02-16T01:28:13Z,scan_20260216T012813Z,forecast,P1,P1__forecast__version_3_1__htessel_lisflood__control_forecast,cems-glofas-forecast,version_3_1,htessel_lisflood,control_forecast,2019-11-05,dry_run,,dry_run,probe not executed in dry-run mode,repro/glofas_coverage_scan_runs/scan_20260216T012813Z/downloads/forecast/P1__forecast__version_3_1__htessel_lisflood__control_forecast/2019-11-05.zip,"{""area"": [37.2443931, -122.272464, 36.8443931, -121.872464], ""data_format"": ""grib2"", ""day"": [""05""], ""download_format"": ""zip"", ""hydrological_model"": [""htessel_lisflood""], ""leadtime_hour"": [""24""], ""month"": [""11""], ""product_type"": [""control_forecast""], ""system_version"": [""version_3_1""], ""variable"": [""river_discharge_in_the_last_24_hours""], ""year"": [""2019""]}"
2026-02-16T01:28:13Z,scan_20260216T012813Z,forecast,P1,P1__forecast__version_3_1__htessel_lisflood__control_forecast,cems-glofas-forecast,version_3_1,htessel_lisflood,control_forecast,2026-02-16,dry_run,,dry_run,probe not executed in dry-run mode,repro/glofas_coverage_scan_runs/scan_20260216T012813Z/downloads/forecast/P1__forecast__version_3_1__htessel_lisflood__control_forecast/2026-02-16.zip,"{""area"": [37.2443931, -122.272464, 36.8443931, -121.872464], ""data_format"": ""grib2"", ""day"": [""16""], ""download_format"": ""zip"", ""hydrological_model"": [""htessel_lisflood""], ""leadtime_hour"": [""24""], ""month"": [""02""], ""product_type"": [""control_forecast""], ""system_version"": [""version_3_1""], ""variable"": [""river_discharge_in_the_last_24_hours""], ""year"": [""2026""]}"
2026-02-16T01:28:13Z,scan_20260216T012813Z,forecast,P1,P1__forecast__version_3_1__htessel_lisflood__control_forecast,cems-glofas-forecast,version_3_1,htessel_lisflood,control_forecast,2022-12-26,dry_run,,dry_run,probe not executed in dry-run mode,repro/glofas_coverage_scan_runs/scan_20260216T012813Z/downloads/forecast/P1__forecast__version_3_1__htessel_lisflood__control_forecast/2022-12-26.zip,"{""area"": [37.2443931, -122.272464, 36.8443931, -121.872464], ""data_format"": ""grib2"", ""day"": [""26""], ""download_format"": ""zip"", ""hydrological_model"": [""htessel_lisflood""], ""leadtime_hour"": [""24""], ""month"": [""12""], ""product_type"": [""control_forecast""], ""system_version"": [""version_3_1""], ""variable"": [""river_discharge_in_the_last_24_hours""], ""year"": [""2022""]}"
2026-02-16T01:28:13Z,scan_20260216T012813Z,forecast,P1,P1__forecast__version_3_1__htessel_lisflood__control_forecast,cems-glofas-forecast,version_3_1,htessel_lisflood,control_forecast,2020-02-03,dry_run,,dry_run,probe not executed in dry-run mode,repro/glofas_coverage_scan_runs/scan_20260216T012813Z/downloads/forecast/P1__forecast__version_3_1__htessel_lisflood__control_forecast/2020-02-03.zip,"{""area"": [37.2443931, -122.272464, 36.8443931, -121.872464], ""data_format"": ""grib2"", ""day"": [""03""], ""download_format"": ""zip"", ""hydrological_model"": [""htessel_lisflood""], ""leadtime_hour"": [""24""], ""month"": [""02""], ""product_type"": [""control_forecast""], ""system_version"": [""version_3_1""], ""variable"": [""river_discharge_in_the_last_24_hours""], ""year"": [""2020""]}"
2026-02-16T01:28:13Z,scan_20260216T012813Z,forecast,P1,P1__forecast__version_3_1__lisflood__control_forecast,cems-glofas-forecast,version_3_1,lisflood,control_forecast,2021-06-15,dry_run,,dry_run,probe not executed in dry-run mode,repro/glofas_coverage_scan_runs/scan_20260216T012813Z/downloads/forecast/P1__forecast__version_3_1__lisflood__control_forecast/2021-06-15.zip,"{""area"": [37.2443931, -122.272464, 36.8443931, -121.872464], ""data_format"": ""grib2"", ""day"": [""15""], ""download_format"": ""zip"", ""hydrological_model"": [""lisflood""], ""leadtime_hour"": [""24""], ""month"": [""06""], ""product_type"": [""control_forecast""], ""system_version"": [""version_3_1""], ""variable"": [""river_discharge_in_the_last_24_hours""], ""year"": [""2021""]}"
2026-02-16T01:28:13Z,scan_20260216T012813Z,forecast,P1,P1__forecast__version_3_1__lisflood__control_forecast,cems-glofas-forecast,version_3_1,lisflood,control_forecast,2021-05-26,dry_run,,dry_run,probe not executed in dry-run mode,repro/glofas_coverage_scan_runs/scan_20260216T012813Z/downloads/forecast/P1__forecast__version_3_1__lisflood__control_forecast/2021-05-26.zip,"{""area"": [37.2443931, -122.272464, 36.8443931, -121.872464], ""data_format"": ""grib2"", ""day"": [""26""], ""download_format"": ""zip"", ""hydrological_model"": [""lisflood""], ""leadtime_hour"": [""24""], ""month"": [""05""], ""product_type"": [""control_forecast""], ""system_version"": [""version_3_1""], ""variable"": [""river_discharge_in_the_last_24_hours""], ""year"": [""2021""]}"
2026-02-16T01:28:13Z,scan_20260216T012813Z,forecast,P1,P1__forecast__version_3_1__lisflood__control_forecast,cems-glofas-forecast,version_3_1,lisflood,control_forecast,2019-11-05,dry_run,,dry_run,probe not executed in dry-run mode,repro/glofas_coverage_scan_runs/scan_20260216T012813Z/downloads/forecast/P1__forecast__version_3_1__lisflood__control_forecast/2019-11-05.zip,"{""area"": [37.2443931, -122.272464, 36.8443931, -121.872464], ""data_format"": ""grib2"", ""day"": [""05""], ""download_format"": ""zip"", ""hydrological_model"": [""lisflood""], ""leadtime_hour"": [""24""], ""month"": [""11""], ""product_type"": [""control_forecast""], ""system_version"": [""version_3_1""], ""variable"": [""river_discharge_in_the_last_24_hours""], ""year"": [""2019""]}"
2026-02-16T01:28:13Z,scan_20260216T012813Z,forecast,P1,P1__forecast__version_3_1__lisflood__control_forecast,cems-glofas-forecast,version_3_1,lisflood,control_forecast,2026-02-16,dry_run,,dry_run,probe not executed in dry-run mode,repro/glofas_coverage_scan_runs/scan_20260216T012813Z/downloads/forecast/P1__forecast__version_3_1__lisflood__control_forecast/2026-02-16.zip,"{""area"": [37.2443931, -122.272464, 36.8443931, -121.872464], ""data_format"": ""grib2"", ""day"": [""16""], ""download_format"": ""zip"", ""hydrological_model"": [""lisflood""], ""leadtime_hour"": [""24""], ""month"": [""02""], ""product_type"": [""control_forecast""], ""system_version"": [""version_3_1""], ""variable"": [""river_discharge_in_the_last_24_hours""], ""year"": [""2026""]}"
2026-02-16T01:28:13Z,scan_20260216T012813Z,forecast,P1,P1__forecast__version_3_1__lisflood__control_forecast,cems-glofas-forecast,version_3_1,lisflood,control_forecast,2022-12-26,dry_run,,dry_run,probe not executed in dry-run mode,repro/glofas_coverage_scan_runs/scan_20260216T012813Z/downloads/forecast/P1__forecast__version_3_1__lisflood__control_forecast/2022-12-26.zip,"{""area"": [37.2443931, -122.272464, 36.8443931, -121.872464], ""data_format"": ""grib2"", ""day"": [""26""], ""download_format"": ""zip"", ""hydrological_model"": [""lisflood""], ""leadtime_hour"": [""24""], ""month"": [""12""], ""product_type"": [""control_forecast""], ""system_version"": [""version_3_1""], ""variable"": [""river_discharge_in_the_last_24_hours""], ""year"": [""2022""]}"
2026-02-16T01:28:13Z,scan_20260216T012813Z,forecast,P1,P1__forecast__version_3_1__lisflood__control_forecast,cems-glofas-forecast,version_3_1,lisflood,control_forecast,2020-02-03,dry_run,,dry_run,probe not executed in dry-run mode,repro/glofas_coverage_scan_runs/scan_20260216T012813Z/downloads/forecast/P1__forecast__version_3_1__lisflood__control_forecast/2020-02-03.zip,"{""area"": [37.2443931, -122.272464, 36.8443931, -121.872464], ""data_format"": ""grib2"", ""day"": [""03""], ""download_format"": ""zip"", ""hydrological_model"": [""lisflood""], ""leadtime_hour"": [""24""], ""month"": [""02""], ""product_type"": [""control_forecast""], ""system_version"": [""version_3_1""], ""variable"": [""river_discharge_in_the_last_24_hours""], ""year"": [""2020""]}"
2026-02-16T01:28:13Z,scan_20260216T012813Z,forecast,P2,P2__forecast__operational__htessel_lisflood__control_forecast,cems-glofas-forecast,operational,htessel_lisflood,control_forecast,2022-12-25,dry_run,,dry_run,probe not executed in dry-run mode,repro/glofas_coverage_scan_runs/scan_20260216T012813Z/downloads/forecast/P2__forecast__operational__htessel_lisflood__control_forecast/2022-12-25.zip,"{""area"": [37.2443931, -122.272464, 36.8443931, -121.872464], ""data_format"": ""grib2"", ""day"": [""25""], ""download_format"": ""zip"", ""hydrological_model"": [""htessel_lisflood""], ""leadtime_hour"": [""24""], ""month"": [""12""], ""product_type"": [""control_forecast""], ""system_version"": [""operational""], ""variable"": [""river_discharge_in_the_last_24_hours""], ""year"": [""2022""]}"
2026-02-16T01:28:13Z,scan_20260216T012813Z,forecast,P2,P2__forecast__operational__htessel_lisflood__control_forecast,cems-glofas-forecast,operational,htessel_lisflood,control_forecast,2023-03-27,dry_run,,dry_run,probe not executed in dry-run mode,repro/glofas_coverage_scan_runs/scan_20260216T012813Z/downloads/forecast/P2__forecast__operational__htessel_lisflood__control_forecast/2023-03-27.zip,"{""area"": [37.2443931, -122.272464, 36.8443931, -121.872464], ""data_format"": ""grib2"", ""day"": [""27""], ""download_format"": ""zip"", ""hydrological_model"": [""htessel_lisflood""], ""leadtime_hour"": [""24""], ""month"": [""03""], ""product_type"": [""control_forecast""], ""system_version"": [""operational""], ""variable"": [""river_discharge_in_the_last_24_hours""], ""year"": [""2023""]}"
2026-02-16T01:28:13Z,scan_20260216T012813Z,forecast,P2,P2__forecast__operational__htessel_lisflood__control_forecast,cems-glofas-forecast,operational,htessel_lisflood,control_forecast,2019-11-05,dry_run,,dry_run,probe not executed in dry-run mode,repro/glofas_coverage_scan_runs/scan_20260216T012813Z/downloads/forecast/P2__forecast__operational__htessel_lisflood__control_forecast/2019-11-05.zip,"{""area"": [37.2443931, -122.272464, 36.8443931, -121.872464], ""data_format"": ""grib2"", ""day"": [""05""], ""download_format"": ""zip"", ""hydrological_model"": [""htessel_lisflood""], ""leadtime_hour"": [""24""], ""month"": [""11""], ""product_type"": [""control_forecast""], ""system_version"": [""operational""], ""variable"": [""river_discharge_in_the_last_24_hours""], ""year"": [""2019""]}"
2026-02-16T01:28:13Z,scan_20260216T012813Z,forecast,P2,P2__forecast__operational__htessel_lisflood__control_forecast,cems-glofas-forecast,operational,htessel_lisflood,control_forecast,2026-02-16,dry_run,,dry_run,probe not executed in dry-run mode,repro/glofas_coverage_scan_runs/scan_20260216T012813Z/downloads/forecast/P2__forecast__operational__htessel_lisflood__control_forecast/2026-02-16.zip,"{""area"": [37.2443931, -122.272464, 36.8443931, -121.872464], ""data_format"": ""grib2"", ""day"": [""16""], ""download_format"": ""zip"", ""hydrological_model"": [""htessel_lisflood""], ""leadtime_hour"": [""24""], ""month"": [""02""], ""product_type"": [""control_forecast""], ""system_version"": [""operational""], ""variable"": [""river_discharge_in_the_last_24_hours""], ""year"": [""2026""]}"
2026-02-16T01:28:13Z,scan_20260216T012813Z,forecast,P2,P2__forecast__operational__htessel_lisflood__control_forecast,cems-glofas-forecast,operational,htessel_lisflood,control_forecast,2022-12-26,dry_run,,dry_run,probe not executed in dry-run mode,repro/glofas_coverage_scan_runs/scan_20260216T012813Z/downloads/forecast/P2__forecast__operational__htessel_lisflood__control_forecast/2022-12-26.zip,"{""area"": [37.2443931, -122.272464, 36.8443931, -121.872464], ""data_format"": ""grib2"", ""day"": [""26""], ""download_format"": ""zip"", ""hydrological_model"": [""htessel_lisflood""], ""leadtime_hour"": [""24""], ""month"": [""12""], ""product_type"": [""control_forecast""], ""system_version"": [""operational""], ""variable"": [""river_discharge_in_the_last_24_hours""], ""year"": [""2022""]}"
2026-02-16T01:28:13Z,scan_20260216T012813Z,forecast,P2,P2__forecast__operational__htessel_lisflood__control_forecast,cems-glofas-forecast,operational,htessel_lisflood,control_forecast,2020-02-03,dry_run,,dry_run,probe not executed in dry-run mode,repro/glofas_coverage_scan_runs/scan_20260216T012813Z/downloads/forecast/P2__forecast__operational__htessel_lisflood__control_forecast/2020-02-03.zip,"{""area"": [37.2443931, -122.272464, 36.8443931, -121.872464], ""data_format"": ""grib2"", ""day"": [""03""], ""download_format"": ""zip"", ""hydrological_model"": [""htessel_lisflood""], ""leadtime_hour"": [""24""], ""month"": [""02""], ""product_type"": [""control_forecast""], ""system_version"": [""operational""], ""variable"": [""river_discharge_in_the_last_24_hours""], ""year"": [""2020""]}"
2026-02-16T01:28:13Z,scan_20260216T012813Z,forecast,P2,P2__forecast__operational__lisflood__control_forecast,cems-glofas-forecast,operational,lisflood,control_forecast,2022-12-25,dry_run,,dry_run,probe not executed in dry-run mode,repro/glofas_coverage_scan_runs/scan_20260216T012813Z/downloads/forecast/P2__forecast__operational__lisflood__control_forecast/2022-12-25.zip,"{""area"": [37.2443931, -122.272464, 36.8443931, -121.872464], ""data_format"": ""grib2"", ""day"": [""25""], ""download_format"": ""zip"", ""hydrological_model"": [""lisflood""], ""leadtime_hour"": [""24""], ""month"": [""12""], ""product_type"": [""control_forecast""], ""system_version"": [""operational""], ""variable"": [""river_discharge_in_the_last_24_hours""], ""year"": [""2022""]}"
2026-02-16T01:28:13Z,scan_20260216T012813Z,forecast,P2,P2__forecast__operational__lisflood__control_forecast,cems-glofas-forecast,operational,lisflood,control_forecast,2023-03-27,dry_run,,dry_run,probe not executed in dry-run mode,repro/glofas_coverage_scan_runs/scan_20260216T012813Z/downloads/forecast/P2__forecast__operational__lisflood__control_forecast/2023-03-27.zip,"{""area"": [37.2443931, -122.272464, 36.8443931, -121.872464], ""data_format"": ""grib2"", ""day"": [""27""], ""download_format"": ""zip"", ""hydrological_model"": [""lisflood""], ""leadtime_hour"": [""24""], ""month"": [""03""], ""product_type"": [""control_forecast""], ""system_version"": [""operational""], ""variable"": [""river_discharge_in_the_last_24_hours""], ""year"": [""2023""]}"
2026-02-16T01:28:13Z,scan_20260216T012813Z,forecast,P2,P2__forecast__operational__lisflood__control_forecast,cems-glofas-forecast,operational,lisflood,control_forecast,2019-11-05,dry_run,,dry_run,probe not executed in dry-run mode,repro/glofas_coverage_scan_runs/scan_20260216T012813Z/downloads/forecast/P2__forecast__operational__lisflood__control_forecast/2019-11-05.zip,"{""area"": [37.2443931, -122.272464, 36.8443931, -121.872464], ""data_format"": ""grib2"", ""day"": [""05""], ""download_format"": ""zip"", ""hydrological_model"": [""lisflood""], ""leadtime_hour"": [""24""], ""month"": [""11""], ""product_type"": [""control_forecast""], ""system_version"": [""operational""], ""variable"": [""river_discharge_in_the_last_24_hours""], ""year"": [""2019""]}"
2026-02-16T01:28:13Z,scan_20260216T012813Z,forecast,P2,P2__forecast__operational__lisflood__control_forecast,cems-glofas-forecast,operational,lisflood,control_forecast,2026-02-16,dry_run,,dry_run,probe not executed in dry-run mode,repro/glofas_coverage_scan_runs/scan_20260216T012813Z/downloads/forecast/P2__forecast__operational__lisflood__control_forecast/2026-02-16.zip,"{""area"": [37.2443931, -122.272464, 36.8443931, -121.872464], ""data_format"": ""grib2"", ""day"": [""16""], ""download_format"": ""zip"", ""hydrological_model"": [""lisflood""], ""leadtime_hour"": [""24""], ""month"": [""02""], ""product_type"": [""control_forecast""], ""system_version"": [""operational""], ""variable"": [""river_discharge_in_the_last_24_hours""], ""year"": [""2026""]}"
2026-02-16T01:28:13Z,scan_20260216T012813Z,forecast,P2,P2__forecast__operational__lisflood__control_forecast,cems-glofas-forecast,operational,lisflood,control_forecast,2022-12-26,dry_run,,dry_run,probe not executed in dry-run mode,repro/glofas_coverage_scan_runs/scan_20260216T012813Z/downloads/forecast/P2__forecast__operational__lisflood__control_forecast/2022-12-26.zip,"{""area"": [37.2443931, -122.272464, 36.8443931, -121.872464], ""data_format"": ""grib2"", ""day"": [""26""], ""download_format"": ""zip"", ""hydrological_model"": [""lisflood""], ""leadtime_hour"": [""24""], ""month"": [""12""], ""product_type"": [""control_forecast""], ""system_version"": [""operational""], ""variable"": [""river_discharge_in_the_last_24_hours""], ""year"": [""2022""]}"
2026-02-16T01:28:13Z,scan_20260216T012813Z,forecast,P2,P2__forecast__operational__lisflood__control_forecast,cems-glofas-forecast,operational,lisflood,control_forecast,2020-02-03,dry_run,,dry_run,probe not executed in dry-run mode,repro/glofas_coverage_scan_runs/scan_20260216T012813Z/downloads/forecast/P2__forecast__operational__lisflood__control_forecast/2020-02-03.zip,"{""area"": [37.2443931, -122.272464, 36.8443931, -121.872464], ""data_format"": ""grib2"", ""day"": [""03""], ""download_format"": ""zip"", ""hydrological_model"": [""lisflood""], ""leadtime_hour"": [""24""], ""month"": [""02""], ""product_type"": [""control_forecast""], ""system_version"": [""operational""], ""variable"": [""river_discharge_in_the_last_24_hours""], ""year"": [""2020""]}"
2026-02-16T01:28:13Z,scan_20260216T012813Z,forecast,P3,P3__forecast__version_2_1__htessel_lisflood__control_forecast,cems-glofas-forecast,version_2_1,htessel_lisflood,control_forecast,2020-01-16,dry_run,,dry_run,probe not executed in dry-run mode,repro/glofas_coverage_scan_runs/scan_20260216T012813Z/downloads/forecast/P3__forecast__version_2_1__htessel_lisflood__control_forecast/2020-01-16.zip,"{""area"": [37.2443931, -122.272464, 36.8443931, -121.872464], ""data_format"": ""grib2"", ""day"": [""16""], ""download_format"": ""zip"", ""hydrological_model"": [""htessel_lisflood""], ""leadtime_hour"": [""24""], ""month"": [""01""], ""product_type"": [""control_forecast""], ""system_version"": [""version_2_1""], ""variable"": [""river_discharge_in_the_last_24_hours""], ""year"": [""2020""]}"
2026-02-16T01:28:13Z,scan_20260216T012813Z,forecast,P3,P3__forecast__version_2_1__htessel_lisflood__control_forecast,cems-glofas-forecast,version_2_1,htessel_lisflood,control_forecast,2020-12-01,dry_run,,dry_run,probe not executed in dry-run mode,repro/glofas_coverage_scan_runs/scan_20260216T012813Z/downloads/forecast/P3__forecast__version_2_1__htessel_lisflood__control_forecast/2020-12-01.zip,"{""area"": [37.2443931, -122.272464, 36.8443931, -121.872464], ""data_format"": ""grib2"", ""day"": [""01""], ""download_format"": ""zip"", ""hydrological_model"": [""htessel_lisflood""], ""leadtime_hour"": [""24""], ""month"": [""12""], ""product_type"": [""control_forecast""], ""system_version"": [""version_2_1""], ""variable"": [""river_discharge_in_the_last_24_hours""], ""year"": [""2020""]}"
2026-02-16T01:28:13Z,scan_20260216T012813Z,forecast,P3,P3__forecast__version_2_1__htessel_lisflood__control_forecast,cems-glofas-forecast,version_2_1,htessel_lisflood,control_forecast,2019-11-05,dry_run,,dry_run,probe not executed in dry-run mode,repro/glofas_coverage_scan_runs/scan_20260216T012813Z/downloads/forecast/P3__forecast__version_2_1__htessel_lisflood__control_forecast/2019-11-05.zip,"{""area"": [37.2443931, -122.272464, 36.8443931, -121.872464], ""data_format"": ""grib2"", ""day"": [""05""], ""download_format"": ""zip"", ""hydrological_model"": [""htessel_lisflood""], ""leadtime_hour"": [""24""], ""month"": [""11""], ""product_type"": [""control_forecast""], ""system_version"": [""version_2_1""], ""variable"": [""river_discharge_in_the_last_24_hours""], ""year"": [""2019""]}"
2026-02-16T01:28:13Z,scan_20260216T012813Z,forecast,P3,P3__forecast__version_2_1__htessel_lisflood__control_forecast,cems-glofas-forecast,version_2_1,htessel_lisflood,control_forecast,2026-02-16,dry_run,,dry_run,probe not executed in dry-run mode,repro/glofas_coverage_scan_runs/scan_20260216T012813Z/downloads/forecast/P3__forecast__version_2_1__htessel_lisflood__control_forecast/2026-02-16.zip,"{""area"": [37.2443931, -122.272464, 36.8443931, -121.872464], ""data_format"": ""grib2"", ""day"": [""16""], ""download_format"": ""zip"", ""hydrological_model"": [""htessel_lisflood""], ""leadtime_hour"": [""24""], ""month"": [""02""], ""product_type"": [""control_forecast""], ""system_version"": [""version_2_1""], ""variable"": [""river_discharge_in_the_last_24_hours""], ""year"": [""2026""]}"
2026-02-16T01:28:13Z,scan_20260216T012813Z,forecast,P3,P3__forecast__version_2_1__htessel_lisflood__control_forecast,cems-glofas-forecast,version_2_1,htessel_lisflood,control_forecast,2022-12-26,dry_run,,dry_run,probe not executed in dry-run mode,repro/glofas_coverage_scan_runs/scan_20260216T012813Z/downloads/forecast/P3__forecast__version_2_1__htessel_lisflood__control_forecast/2022-12-26.zip,"{""area"": [37.2443931, -122.272464, 36.8443931, -121.872464], ""data_format"": ""grib2"", ""day"": [""26""], ""download_format"": ""zip"", ""hydrological_model"": [""htessel_lisflood""], ""leadtime_hour"": [""24""], ""month"": [""12""], ""product_type"": [""control_forecast""], ""system_version"": [""version_2_1""], ""variable"": [""river_discharge_in_the_last_24_hours""], ""year"": [""2022""]}"
2026-02-16T01:28:13Z,scan_20260216T012813Z,forecast,P3,P3__forecast__version_2_1__htessel_lisflood__control_forecast,cems-glofas-forecast,version_2_1,htessel_lisflood,control_forecast,2020-02-03,dry_run,,dry_run,probe not executed in dry-run mode,repro/glofas_coverage_scan_runs/scan_20260216T012813Z/downloads/forecast/P3__forecast__version_2_1__htessel_lisflood__control_forecast/2020-02-03.zip,"{""area"": [37.2443931, -122.272464, 36.8443931, -121.872464], ""data_format"": ""grib2"", ""day"": [""03""], ""download_format"": ""zip"", ""hydrological_model"": [""htessel_lisflood""], ""leadtime_hour"": [""24""], ""month"": [""02""], ""product_type"": [""control_forecast""], ""system_version"": [""version_2_1""], ""variable"": [""river_discharge_in_the_last_24_hours""], ""year"": [""2020""]}"
2026-02-16T01:28:13Z,scan_20260216T012813Z,forecast,P3,P3__forecast__version_2_1__lisflood__control_forecast,cems-glofas-forecast,version_2_1,lisflood,control_forecast,2020-01-16,dry_run,,dry_run,probe not executed in dry-run mode,repro/glofas_coverage_scan_runs/scan_20260216T012813Z/downloads/forecast/P3__forecast__version_2_1__lisflood__control_forecast/2020-01-16.zip,"{""area"": [37.2443931, -122.272464, 36.8443931, -121.872464], ""data_format"": ""grib2"", ""day"": [""16""], ""download_format"": ""zip"", ""hydrological_model"": [""lisflood""], ""leadtime_hour"": [""24""], ""month"": [""01""], ""product_type"": [""control_forecast""], ""system_version"": [""version_2_1""], ""variable"": [""river_discharge_in_the_last_24_hours""], ""year"": [""2020""]}"
2026-02-16T01:28:13Z,scan_20260216T012813Z,forecast,P3,P3__forecast__version_2_1__lisflood__control_forecast,cems-glofas-forecast,version_2_1,lisflood,control_forecast,2020-12-01,dry_run,,dry_run,probe not executed in dry-run mode,repro/glofas_coverage_scan_runs/scan_20260216T012813Z/downloads/forecast/P3__forecast__version_2_1__lisflood__control_forecast/2020-12-01.zip,"{""area"": [37.2443931, -122.272464, 36.8443931, -121.872464], ""data_format"": ""grib2"", ""day"": [""01""], ""download_format"": ""zip"", ""hydrological_model"": [""lisflood""], ""leadtime_hour"": [""24""], ""month"": [""12""], ""product_type"": [""control_forecast""], ""system_version"": [""version_2_1""], ""variable"": [""river_discharge_in_the_last_24_hours""], ""year"": [""2020""]}"
2026-02-16T01:28:13Z,scan_20260216T012813Z,forecast,P3,P3__forecast__version_2_1__lisflood__control_forecast,cems-glofas-forecast,version_2_1,lisflood,control_forecast,2019-11-05,dry_run,,dry_run,probe not executed in dry-run mode,repro/glofas_coverage_scan_runs/scan_20260216T012813Z/downloads/forecast/P3__forecast__version_2_1__lisflood__control_forecast/2019-11-05.zip,"{""area"": [37.2443931, -122.272464, 36.8443931, -121.872464], ""data_format"": ""grib2"", ""day"": [""05""], ""download_format"": ""zip"", ""hydrological_model"": [""lisflood""], ""leadtime_hour"": [""24""], ""month"": [""11""], ""product_type"": [""control_forecast""], ""system_version"": [""version_2_1""], ""variable"": [""river_discharge_in_the_last_24_hours""], ""year"": [""2019""]}"
2026-02-16T01:28:13Z,scan_20260216T012813Z,forecast,P3,P3__forecast__version_2_1__lisflood__control_forecast,cems-glofas-forecast,version_2_1,lisflood,control_forecast,2026-02-16,dry_run,,dry_run,probe not executed in dry-run mode,repro/glofas_coverage_scan_runs/scan_20260216T012813Z/downloads/forecast/P3__forecast__version_2_1__lisflood__control_forecast/2026-02-16.zip,"{""area"": [37.2443931, -122.272464, 36.8443931, -121.872464], ""data_format"": ""grib2"", ""day"": [""16""], ""download_format"": ""zip"", ""hydrological_model"": [""lisflood""], ""leadtime_hour"": [""24""], ""month"": [""02""], ""product_type"": [""control_forecast""], ""system_version"": [""version_2_1""], ""variable"": [""river_discharge_in_the_last_24_hours""], ""year"": [""2026""]}"
2026-02-16T01:28:13Z,scan_20260216T012813Z,forecast,P3,P3__forecast__version_2_1__lisflood__control_forecast,cems-glofas-forecast,version_2_1,lisflood,control_forecast,2022-12-26,dry_run,,dry_run,probe not executed in dry-run mode,repro/glofas_coverage_scan_runs/scan_20260216T012813Z/downloads/forecast/P3__forecast__version_2_1__lisflood__control_forecast/2022-12-26.zip,"{""area"": [37.2443931, -122.272464, 36.8443931, -121.872464], ""data_format"": ""grib2"", ""day"": [""26""], ""download_format"": ""zip"", ""hydrological_model"": [""lisflood""], ""leadtime_hour"": [""24""], ""month"": [""12""], ""product_type"": [""control_forecast""], ""system_version"": [""version_2_1""], ""variable"": [""river_discharge_in_the_last_24_hours""], ""year"": [""2022""]}"
2026-02-16T01:28:13Z,scan_20260216T012813Z,forecast,P3,P3__forecast__version_2_1__lisflood__control_forecast,cems-glofas-forecast,version_2_1,lisflood,control_forecast,2020-02-03,dry_run,,dry_run,probe not executed in dry-run mode,repro/glofas_coverage_scan_runs/scan_20260216T012813Z/downloads/forecast/P3__forecast__version_2_1__lisflood__control_forecast/2020-02-03.zip,"{""area"": [37.2443931, -122.272464, 36.8443931, -121.872464], ""data_format"": ""grib2"", ""day"": [""03""], ""download_format"": ""zip"", ""hydrological_model"": [""lisflood""], ""leadtime_hour"": [""24""], ""month"": [""02""], ""product_type"": [""control_forecast""], ""system_version"": [""version_2_1""], ""variable"": [""river_discharge_in_the_last_24_hours""], ""year"": [""2020""]}"
2026-02-16T01:28:13Z,scan_20260216T012813Z,reforecast,P1,P1__reforecast__version_3_1__htessel_lisflood__control_reforecast,cems-glofas-reforecast,version_3_1,htessel_lisflood,control_reforecast,2021-06-14,dry_run,,dry_run,probe not executed in dry-run mode,repro/glofas_coverage_scan_runs/scan_20260216T012813Z/downloads/reforecast/P1__reforecast__version_3_1__htessel_lisflood__control_reforecast/2021-06-14.zip,"{""area"": [37.2443931, -122.272464, 36.8443931, -121.872464], ""data_format"": ""grib2"", ""download_format"": ""zip"", ""hday"": [""14""], ""hmonth"": [""06""], ""hydrological_model"": [""htessel_lisflood""], ""hyear"": [""2021""], ""leadtime_hour"": [""24""], ""product_type"": [""control_reforecast""], ""system_version"": [""version_3_1""], ""variable"": [""river_discharge_in_the_last_24_hours""]}"
2026-02-16T01:28:13Z,scan_20260216T012813Z,reforecast,P1,P1__reforecast__version_3_1__htessel_lisflood__control_reforecast,cems-glofas-reforecast,version_3_1,htessel_lisflood,control_reforecast,2021-06-17,dry_run,,dry_run,probe not executed in dry-run mode,repro/glofas_coverage_scan_runs/scan_20260216T012813Z/downloads/reforecast/P1__reforecast__version_3_1__htessel_lisflood__control_reforecast/2021-06-17.zip,"{""area"": [37.2443931, -122.272464, 36.8443931, -121.872464], ""data_format"": ""grib2"", ""download_format"": ""zip"", ""hday"": [""17""], ""hmonth"": [""06""], ""hydrological_model"": [""htessel_lisflood""], ""hyear"": [""2021""], ""leadtime_hour"": [""24""], ""product_type"": [""control_reforecast""], ""system_version"": [""version_3_1""], ""variable"": [""river_discharge_in_the_last_24_hours""]}"
2026-02-16T01:28:13Z,scan_20260216T012813Z,reforecast,P1,P1__reforecast__version_3_1__htessel_lisflood__control_reforecast,cems-glofas-reforecast,version_3_1,htessel_lisflood,control_reforecast,1999-01-04,dry_run,,dry_run,probe not executed in dry-run mode,repro/glofas_coverage_scan_runs/scan_20260216T012813Z/downloads/reforecast/P1__reforecast__version_3_1__htessel_lisflood__control_reforecast/1999-01-04.zip,"{""area"": [37.2443931, -122.272464, 36.8443931, -121.872464], ""data_format"": ""grib2"", ""download_format"": ""zip"", ""hday"": [""04""], ""hmonth"": [""01""], ""hydrological_model"": [""htessel_lisflood""], ""hyear"": [""1999""], ""leadtime_hour"": [""24""], ""product_type"": [""control_reforecast""], ""system_version"": [""version_3_1""], ""variable"": [""river_discharge_in_the_last_24_hours""]}"
2026-02-16T01:28:13Z,scan_20260216T012813Z,reforecast,P1,P1__reforecast__version_3_1__htessel_lisflood__control_reforecast,cems-glofas-reforecast,version_3_1,htessel_lisflood,control_reforecast,2023-11-23,dry_run,,dry_run,probe not executed in dry-run mode,repro/glofas_coverage_scan_runs/scan_20260216T012813Z/downloads/reforecast/P1__reforecast__version_3_1__htessel_lisflood__control_reforecast/2023-11-23.zip,"{""area"": [37.2443931, -122.272464, 36.8443931, -121.872464], ""data_format"": ""grib2"", ""download_format"": ""zip"", ""hday"": [""23""], ""hmonth"": [""11""], ""hydrological_model"": [""htessel_lisflood""], ""hyear"": [""2023""], ""leadtime_hour"": [""24""], ""product_type"": [""control_reforecast""], ""system_version"": [""version_3_1""], ""variable"": [""river_discharge_in_the_last_24_hours""]}"
2026-02-16T01:28:13Z,scan_20260216T012813Z,reforecast,P1,P1__reforecast__version_3_1__htessel_lisflood__control_reforecast,cems-glofas-reforecast,version_3_1,htessel_lisflood,control_reforecast,2011-06-16,dry_run,,dry_run,probe not executed in dry-run mode,repro/glofas_coverage_scan_runs/scan_20260216T012813Z/downloads/reforecast/P1__reforecast__version_3_1__htessel_lisflood__control_reforecast/2011-06-16.zip,"{""area"": [37.2443931, -122.272464, 36.8443931, -121.872464], ""data_format"": ""grib2"", ""download_format"": ""zip"", ""hday"": [""16""], ""hmonth"": [""06""], ""hydrological_model"": [""htessel_lisflood""], ""hyear"": [""2011""], ""leadtime_hour"": [""24""], ""product_type"": [""control_reforecast""], ""system_version"": [""version_3_1""], ""variable"": [""river_discharge_in_the_last_24_hours""]}"
2026-02-16T01:28:13Z,scan_20260216T012813Z,reforecast,P1,P1__reforecast__version_3_1__htessel_lisflood__control_reforecast,cems-glofas-reforecast,version_3_1,htessel_lisflood,control_reforecast,1999-11-15,dry_run,,dry_run,probe not executed in dry-run mode,repro/glofas_coverage_scan_runs/scan_20260216T012813Z/downloads/reforecast/P1__reforecast__version_3_1__htessel_lisflood__control_reforecast/1999-11-15.zip,"{""area"": [37.2443931, -122.272464, 36.8443931, -121.872464], ""data_format"": ""grib2"", ""download_format"": ""zip"", ""hday"": [""15""], ""hmonth"": [""11""], ""hydrological_model"": [""htessel_lisflood""], ""hyear"": [""1999""], ""leadtime_hour"": [""24""], ""product_type"": [""control_reforecast""], ""system_version"": [""version_3_1""], ""variable"": [""river_discharge_in_the_last_24_hours""]}"
2026-02-16T01:28:14Z,scan_20260216T012813Z,reforecast,P1,P1__reforecast__version_3_1__lisflood__control_reforecast,cems-glofas-reforecast,version_3_1,lisflood,control_reforecast,2021-06-14,dry_run,,dry_run,probe not executed in dry-run mode,repro/glofas_coverage_scan_runs/scan_20260216T012813Z/downloads/reforecast/P1__reforecast__version_3_1__lisflood__control_reforecast/2021-06-14.zip,"{""area"": [37.2443931, -122.272464, 36.8443931, -121.872464], ""data_format"": ""grib2"", ""download_format"": ""zip"", ""hday"": [""14""], ""hmonth"": [""06""], ""hydrological_model"": [""lisflood""], ""hyear"": [""2021""], ""leadtime_hour"": [""24""], ""product_type"": [""control_reforecast""], ""system_version"": [""version_3_1""], ""variable"": [""river_discharge_in_the_last_24_hours""]}"
2026-02-16T01:28:14Z,scan_20260216T012813Z,reforecast,P1,P1__reforecast__version_3_1__lisflood__control_reforecast,cems-glofas-reforecast,version_3_1,lisflood,control_reforecast,2021-06-17,dry_run,,dry_run,probe not executed in dry-run mode,repro/glofas_coverage_scan_runs/scan_20260216T012813Z/downloads/reforecast/P1__reforecast__version_3_1__lisflood__control_reforecast/2021-06-17.zip,"{""area"": [37.2443931, -122.272464, 36.8443931, -121.872464], ""data_format"": ""grib2"", ""download_format"": ""zip"", ""hday"": [""17""], ""hmonth"": [""06""], ""hydrological_model"": [""lisflood""], ""hyear"": [""2021""], ""leadtime_hour"": [""24""], ""product_type"": [""control_reforecast""], ""system_version"": [""version_3_1""], ""variable"": [""river_discharge_in_the_last_24_hours""]}"
2026-02-16T01:28:14Z,scan_20260216T012813Z,reforecast,P1,P1__reforecast__version_3_1__lisflood__control_reforecast,cems-glofas-reforecast,version_3_1,lisflood,control_reforecast,1999-01-04,dry_run,,dry_run,probe not executed in dry-run mode,repro/glofas_coverage_scan_runs/scan_20260216T012813Z/downloads/reforecast/P1__reforecast__version_3_1__lisflood__control_reforecast/1999-01-04.zip,"{""area"": [37.2443931, -122.272464, 36.8443931, -121.872464], ""data_format"": ""grib2"", ""download_format"": ""zip"", ""hday"": [""04""], ""hmonth"": [""01""], ""hydrological_model"": [""lisflood""], ""hyear"": [""1999""], ""leadtime_hour"": [""24""], ""product_type"": [""control_reforecast""], ""system_version"": [""version_3_1""], ""variable"": [""river_discharge_in_the_last_24_hours""]}"
2026-02-16T01:28:14Z,scan_20260216T012813Z,reforecast,P1,P1__reforecast__version_3_1__lisflood__control_reforecast,cems-glofas-reforecast,version_3_1,lisflood,control_reforecast,2023-11-23,dry_run,,dry_run,probe not executed in dry-run mode,repro/glofas_coverage_scan_runs/scan_20260216T012813Z/downloads/reforecast/P1__reforecast__version_3_1__lisflood__control_reforecast/2023-11-23.zip,"{""area"": [37.2443931, -122.272464, 36.8443931, -121.872464], ""data_format"": ""grib2"", ""download_format"": ""zip"", ""hday"": [""23""], ""hmonth"": [""11""], ""hydrological_model"": [""lisflood""], ""hyear"": [""2023""], ""leadtime_hour"": [""24""], ""product_type"": [""control_reforecast""], ""system_version"": [""version_3_1""], ""variable"": [""river_discharge_in_the_last_24_hours""]}"
2026-02-16T01:28:14Z,scan_20260216T012813Z,reforecast,P1,P1__reforecast__version_3_1__lisflood__control_reforecast,cems-glofas-reforecast,version_3_1,lisflood,control_reforecast,2011-06-16,dry_run,,dry_run,probe not executed in dry-run mode,repro/glofas_coverage_scan_runs/scan_20260216T012813Z/downloads/reforecast/P1__reforecast__version_3_1__lisflood__control_reforecast/2011-06-16.zip,"{""area"": [37.2443931, -122.272464, 36.8443931, -121.872464], ""data_format"": ""grib2"", ""download_format"": ""zip"", ""hday"": [""16""], ""hmonth"": [""06""], ""hydrological_model"": [""lisflood""], ""hyear"": [""2011""], ""leadtime_hour"": [""24""], ""product_type"": [""control_reforecast""], ""system_version"": [""version_3_1""], ""variable"": [""river_discharge_in_the_last_24_hours""]}"
2026-02-16T01:28:14Z,scan_20260216T012813Z,reforecast,P1,P1__reforecast__version_3_1__lisflood__control_reforecast,cems-glofas-reforecast,version_3_1,lisflood,control_reforecast,1999-11-15,dry_run,,dry_run,probe not executed in dry-run mode,repro/glofas_coverage_scan_runs/scan_20260216T012813Z/downloads/reforecast/P1__reforecast__version_3_1__lisflood__control_reforecast/1999-11-15.zip,"{""area"": [37.2443931, -122.272464, 36.8443931, -121.872464], ""data_format"": ""grib2"", ""download_format"": ""zip"", ""hday"": [""15""], ""hmonth"": [""11""], ""hydrological_model"": [""lisflood""], ""hyear"": [""1999""], ""leadtime_hour"": [""24""], ""product_type"": [""control_reforecast""], ""system_version"": [""version_3_1""], ""variable"": [""river_discharge_in_the_last_24_hours""]}"
2026-02-16T01:28:14Z,scan_20260216T012813Z,reforecast,P2,P2__reforecast__version_4_0__htessel_lisflood__control_reforecast,cems-glofas-reforecast,version_4_0,htessel_lisflood,control_reforecast,2021-01-04,dry_run,,dry_run,probe not executed in dry-run mode,repro/glofas_coverage_scan_runs/scan_20260216T012813Z/downloads/reforecast/P2__reforecast__version_4_0__htessel_lisflood__control_reforecast/2021-01-04.zip,"{""area"": [37.2443931, -122.272464, 36.8443931, -121.872464], ""data_format"": ""grib2"", ""download_format"": ""zip"", ""hday"": [""04""], ""hmonth"": [""01""], ""hydrological_model"": [""htessel_lisflood""], ""hyear"": [""2021""], ""leadtime_hour"": [""24""], ""product_type"": [""control_reforecast""], ""system_version"": [""version_4_0""], ""variable"": [""river_discharge_in_the_last_24_hours""]}"
2026-02-16T01:28:14Z,scan_20260216T012813Z,reforecast,P2,P2__reforecast__version_4_0__htessel_lisflood__control_reforecast,cems-glofas-reforecast,version_4_0,htessel_lisflood,control_reforecast,2020-12-31,dry_run,,dry_run,probe not executed in dry-run mode,repro/glofas_coverage_scan_runs/scan_20260216T012813Z/downloads/reforecast/P2__reforecast__version_4_0__htessel_lisflood__control_reforecast/2020-12-31.zip,"{""area"": [37.2443931, -122.272464, 36.8443931, -121.872464], ""data_format"": ""grib2"", ""download_format"": ""zip"", ""hday"": [""31""], ""hmonth"": [""12""], ""hydrological_model"": [""htessel_lisflood""], ""hyear"": [""2020""], ""leadtime_hour"": [""24""], ""product_type"": [""control_reforecast""], ""system_version"": [""version_4_0""], ""variable"": [""river_discharge_in_the_last_24_hours""]}"
2026-02-16T01:28:14Z,scan_20260216T012813Z,reforecast,P2,P2__reforecast__version_4_0__htessel_lisflood__control_reforecast,cems-glofas-reforecast,version_4_0,htessel_lisflood,control_reforecast,1999-01-04,dry_run,,dry_run,probe not executed in dry-run mode,repro/glofas_coverage_scan_runs/scan_20260216T012813Z/downloads/reforecast/P2__reforecast__version_4_0__htessel_lisflood__control_reforecast/1999-01-04.zip,"{""area"": [37.2443931, -122.272464, 36.8443931, -121.872464], ""data_format"": ""grib2"", ""download_format"": ""zip"", ""hday"": [""04""], ""hmonth"": [""01""], ""hydrological_model"": [""htessel_lisflood""], ""hyear"": [""1999""], ""leadtime_hour"": [""24""], ""product_type"": [""control_reforecast""], ""system_version"": [""version_4_0""], ""variable"": [""river_discharge_in_the_last_24_hours""]}"
2026-02-16T01:28:14Z,scan_20260216T012813Z,reforecast,P2,P2__reforecast__version_4_0__htessel_lisflood__control_reforecast,cems-glofas-reforecast,version_4_0,htessel_lisflood,control_reforecast,2023-11-23,dry_run,,dry_run,probe not executed in dry-run mode,repro/glofas_coverage_scan_runs/scan_20260216T012813Z/downloads/reforecast/P2__reforecast__version_4_0__htessel_lisflood__control_reforecast/2023-11-23.zip,"{""area"": [37.2443931, -122.272464, 36.8443931, -121.872464], ""data_format"": ""grib2"", ""download_format"": ""zip"", ""hday"": [""23""], ""hmonth"": [""11""], ""hydrological_model"": [""htessel_lisflood""], ""hyear"": [""2023""], ""leadtime_hour"": [""24""], ""product_type"": [""control_reforecast""], ""system_version"": [""version_4_0""], ""variable"": [""river_discharge_in_the_last_24_hours""]}"
2026-02-16T01:28:14Z,scan_20260216T012813Z,reforecast,P2,P2__reforecast__version_4_0__htessel_lisflood__control_reforecast,cems-glofas-reforecast,version_4_0,htessel_lisflood,control_reforecast,2011-06-16,dry_run,,dry_run,probe not executed in dry-run mode,repro/glofas_coverage_scan_runs/scan_20260216T012813Z/downloads/reforecast/P2__reforecast__version_4_0__htessel_lisflood__control_reforecast/2011-06-16.zip,"{""area"": [37.2443931, -122.272464, 36.8443931, -121.872464], ""data_format"": ""grib2"", ""download_format"": ""zip"", ""hday"": [""16""], ""hmonth"": [""06""], ""hydrological_model"": [""htessel_lisflood""], ""hyear"": [""2011""], ""leadtime_hour"": [""24""], ""product_type"": [""control_reforecast""], ""system_version"": [""version_4_0""], ""variable"": [""river_discharge_in_the_last_24_hours""]}"
2026-02-16T01:28:14Z,scan_20260216T012813Z,reforecast,P2,P2__reforecast__version_4_0__htessel_lisflood__control_reforecast,cems-glofas-reforecast,version_4_0,htessel_lisflood,control_reforecast,1999-11-15,dry_run,,dry_run,probe not executed in dry-run mode,repro/glofas_coverage_scan_runs/scan_20260216T012813Z/downloads/reforecast/P2__reforecast__version_4_0__htessel_lisflood__control_reforecast/1999-11-15.zip,"{""area"": [37.2443931, -122.272464, 36.8443931, -121.872464], ""data_format"": ""grib2"", ""download_format"": ""zip"", ""hday"": [""15""], ""hmonth"": [""11""], ""hydrological_model"": [""htessel_lisflood""], ""hyear"": [""1999""], ""leadtime_hour"": [""24""], ""product_type"": [""control_reforecast""], ""system_version"": [""version_4_0""], ""variable"": [""river_discharge_in_the_last_24_hours""]}"
2026-02-16T01:28:14Z,scan_20260216T012813Z,reforecast,P2,P2__reforecast__version_4_0__lisflood__control_reforecast,cems-glofas-reforecast,version_4_0,lisflood,control_reforecast,2021-01-04,dry_run,,dry_run,probe not executed in dry-run mode,repro/glofas_coverage_scan_runs/scan_20260216T012813Z/downloads/reforecast/P2__reforecast__version_4_0__lisflood__control_reforecast/2021-01-04.zip,"{""area"": [37.2443931, -122.272464, 36.8443931, -121.872464], ""data_format"": ""grib2"", ""download_format"": ""zip"", ""hday"": [""04""], ""hmonth"": [""01""], ""hydrological_model"": [""lisflood""], ""hyear"": [""2021""], ""leadtime_hour"": [""24""], ""product_type"": [""control_reforecast""], ""system_version"": [""version_4_0""], ""variable"": [""river_discharge_in_the_last_24_hours""]}"
2026-02-16T01:28:14Z,scan_20260216T012813Z,reforecast,P2,P2__reforecast__version_4_0__lisflood__control_reforecast,cems-glofas-reforecast,version_4_0,lisflood,control_reforecast,2020-12-31,dry_run,,dry_run,probe not executed in dry-run mode,repro/glofas_coverage_scan_runs/scan_20260216T012813Z/downloads/reforecast/P2__reforecast__version_4_0__lisflood__control_reforecast/2020-12-31.zip,"{""area"": [37.2443931, -122.272464, 36.8443931, -121.872464], ""data_format"": ""grib2"", ""download_format"": ""zip"", ""hday"": [""31""], ""hmonth"": [""12""], ""hydrological_model"": [""lisflood""], ""hyear"": [""2020""], ""leadtime_hour"": [""24""], ""product_type"": [""control_reforecast""], ""system_version"": [""version_4_0""], ""variable"": [""river_discharge_in_the_last_24_hours""]}"
2026-02-16T01:28:14Z,scan_20260216T012813Z,reforecast,P2,P2__reforecast__version_4_0__lisflood__control_reforecast,cems-glofas-reforecast,version_4_0,lisflood,control_reforecast,1999-01-04,dry_run,,dry_run,probe not executed in dry-run mode,repro/glofas_coverage_scan_runs/scan_20260216T012813Z/downloads/reforecast/P2__reforecast__version_4_0__lisflood__control_reforecast/1999-01-04.zip,"{""area"": [37.2443931, -122.272464, 36.8443931, -121.872464], ""data_format"": ""grib2"", ""download_format"": ""zip"", ""hday"": [""04""], ""hmonth"": [""01""], ""hydrological_model"": [""lisflood""], ""hyear"": [""1999""], ""leadtime_hour"": [""24""], ""product_type"": [""control_reforecast""], ""system_version"": [""version_4_0""], ""variable"": [""river_discharge_in_the_last_24_hours""]}"
2026-02-16T01:28:14Z,scan_20260216T012813Z,reforecast,P2,P2__reforecast__version_4_0__lisflood__control_reforecast,cems-glofas-reforecast,version_4_0,lisflood,control_reforecast,2023-11-23,dry_run,,dry_run,probe not executed in dry-run mode,repro/glofas_coverage_scan_runs/scan_20260216T012813Z/downloads/reforecast/P2__reforecast__version_4_0__lisflood__control_reforecast/2023-11-23.zip,"{""area"": [37.2443931, -122.272464, 36.8443931, -121.872464], ""data_format"": ""grib2"", ""download_format"": ""zip"", ""hday"": [""23""], ""hmonth"": [""11""], ""hydrological_model"": [""lisflood""], ""hyear"": [""2023""], ""leadtime_hour"": [""24""], ""product_type"": [""control_reforecast""], ""system_version"": [""version_4_0""], ""variable"": [""river_discharge_in_the_last_24_hours""]}"
2026-02-16T01:28:14Z,scan_20260216T012813Z,reforecast,P2,P2__reforecast__version_4_0__lisflood__control_reforecast,cems-glofas-reforecast,version_4_0,lisflood,control_reforecast,2011-06-16,dry_run,,dry_run,probe not executed in dry-run mode,repro/glofas_coverage_scan_runs/scan_20260216T012813Z/downloads/reforecast/P2__reforecast__version_4_0__lisflood__control_reforecast/2011-06-16.zip,"{""area"": [37.2443931, -122.272464, 36.8443931, -121.872464], ""data_format"": ""grib2"", ""download_format"": ""zip"", ""hday"": [""16""], ""hmonth"": [""06""], ""hydrological_model"": [""lisflood""], ""hyear"": [""2011""], ""leadtime_hour"": [""24""], ""product_type"": [""control_reforecast""], ""system_version"": [""version_4_0""], ""variable"": [""river_discharge_in_the_last_24_hours""]}"
2026-02-16T01:28:14Z,scan_20260216T012813Z,reforecast,P2,P2__reforecast__version_4_0__lisflood__control_reforecast,cems-glofas-reforecast,version_4_0,lisflood,control_reforecast,1999-11-15,dry_run,,dry_run,probe not executed in dry-run mode,repro/glofas_coverage_scan_runs/scan_20260216T012813Z/downloads/reforecast/P2__reforecast__version_4_0__lisflood__control_reforecast/1999-11-15.zip,"{""area"": [37.2443931, -122.272464, 36.8443931, -121.872464], ""data_format"": ""grib2"", ""download_format"": ""zip"", ""hday"": [""15""], ""hmonth"": [""11""], ""hydrological_model"": [""lisflood""], ""hyear"": [""1999""], ""leadtime_hour"": [""24""], ""product_type"": [""control_reforecast""], ""system_version"": [""version_4_0""], ""variable"": [""river_discharge_in_the_last_24_hours""]}"
2026-02-16T01:28:14Z,scan_20260216T012813Z,reforecast,P3,P3__reforecast__version_2_2__htessel_lisflood__control_reforecast,cems-glofas-reforecast,version_2_2,htessel_lisflood,control_reforecast,2020-12-14,dry_run,,dry_run,probe not executed in dry-run mode,repro/glofas_coverage_scan_runs/scan_20260216T012813Z/downloads/reforecast/P3__reforecast__version_2_2__htessel_lisflood__control_reforecast/2020-12-14.zip,"{""area"": [37.2443931, -122.272464, 36.8443931, -121.872464], ""data_format"": ""grib2"", ""download_format"": ""zip"", ""hday"": [""14""], ""hmonth"": [""12""], ""hydrological_model"": [""htessel_lisflood""], ""hyear"": [""2020""], ""leadtime_hour"": [""24""], ""product_type"": [""control_reforecast""], ""system_version"": [""version_2_2""], ""variable"": [""river_discharge_in_the_last_24_hours""]}"
2026-02-16T01:28:14Z,scan_20260216T012813Z,reforecast,P3,P3__reforecast__version_2_2__htessel_lisflood__control_reforecast,cems-glofas-reforecast,version_2_2,htessel_lisflood,control_reforecast,2021-01-04,dry_run,,dry_run,probe not executed in dry-run mode,repro/glofas_coverage_scan_runs/scan_20260216T012813Z/downloads/reforecast/P3__reforecast__version_2_2__htessel_lisflood__control_reforecast/2021-01-04.zip,"{""area"": [37.2443931, -122.272464, 36.8443931, -121.872464], ""data_format"": ""grib2"", ""download_format"": ""zip"", ""hday"": [""04""], ""hmonth"": [""01""], ""hydrological_model"": [""htessel_lisflood""], ""hyear"": [""2021""], ""leadtime_hour"": [""24""], ""product_type"": [""control_reforecast""], ""system_version"": [""version_2_2""], ""variable"": [""river_discharge_in_the_last_24_hours""]}"
2026-02-16T01:28:14Z,scan_20260216T012813Z,reforecast,P3,P3__reforecast__version_2_2__htessel_lisflood__control_reforecast,cems-glofas-reforecast,version_2_2,htessel_lisflood,control_reforecast,1999-01-04,dry_run,,dry_run,probe not executed in dry-run mode,repro/glofas_coverage_scan_runs/scan_20260216T012813Z/downloads/reforecast/P3__reforecast__version_2_2__htessel_lisflood__control_reforecast/1999-01-04.zip,"{""area"": [37.2443931, -122.272464, 36.8443931, -121.872464], ""data_format"": ""grib2"", ""download_format"": ""zip"", ""hday"": [""04""], ""hmonth"": [""01""], ""hydrological_model"": [""htessel_lisflood""], ""hyear"": [""1999""], ""leadtime_hour"": [""24""], ""product_type"": [""control_reforecast""], ""system_version"": [""version_2_2""], ""variable"": [""river_discharge_in_the_last_24_hours""]}"
2026-02-16T01:28:14Z,scan_20260216T012813Z,reforecast,P3,P3__reforecast__version_2_2__htessel_lisflood__control_reforecast,cems-glofas-reforecast,version_2_2,htessel_lisflood,control_reforecast,2023-11-23,dry_run,,dry_run,probe not executed in dry-run mode,repro/glofas_coverage_scan_runs/scan_20260216T012813Z/downloads/reforecast/P3__reforecast__version_2_2__htessel_lisflood__control_reforecast/2023-11-23.zip,"{""area"": [37.2443931, -122.272464, 36.8443931, -121.872464], ""data_format"": ""grib2"", ""download_format"": ""zip"", ""hday"": [""23""], ""hmonth"": [""11""], ""hydrological_model"": [""htessel_lisflood""], ""hyear"": [""2023""], ""leadtime_hour"": [""24""], ""product_type"": [""control_reforecast""], ""system_version"": [""version_2_2""], ""variable"": [""river_discharge_in_the_last_24_hours""]}"
2026-02-16T01:28:14Z,scan_20260216T012813Z,reforecast,P3,P3__reforecast__version_2_2__htessel_lisflood__control_reforecast,cems-glofas-reforecast,version_2_2,htessel_lisflood,control_reforecast,2011-06-16,dry_run,,dry_run,probe not executed in dry-run mode,repro/glofas_coverage_scan_runs/scan_20260216T012813Z/downloads/reforecast/P3__reforecast__version_2_2__htessel_lisflood__control_reforecast/2011-06-16.zip,"{""area"": [37.2443931, -122.272464, 36.8443931, -121.872464], ""data_format"": ""grib2"", ""download_format"": ""zip"", ""hday"": [""16""], ""hmonth"": [""06""], ""hydrological_model"": [""htessel_lisflood""], ""hyear"": [""2011""], ""leadtime_hour"": [""24""], ""product_type"": [""control_reforecast""], ""system_version"": [""version_2_2""], ""variable"": [""river_discharge_in_the_last_24_hours""]}"
2026-02-16T01:28:14Z,scan_20260216T012813Z,reforecast,P3,P3__reforecast__version_2_2__htessel_lisflood__control_reforecast,cems-glofas-reforecast,version_2_2,htessel_lisflood,control_reforecast,1999-11-15,dry_run,,dry_run,probe not executed in dry-run mode,repro/glofas_coverage_scan_runs/scan_20260216T012813Z/downloads/reforecast/P3__reforecast__version_2_2__htessel_lisflood__control_reforecast/1999-11-15.zip,"{""area"": [37.2443931, -122.272464, 36.8443931, -121.872464], ""data_format"": ""grib2"", ""download_format"": ""zip"", ""hday"": [""15""], ""hmonth"": [""11""], ""hydrological_model"": [""htessel_lisflood""], ""hyear"": [""1999""], ""leadtime_hour"": [""24""], ""product_type"": [""control_reforecast""], ""system_version"": [""version_2_2""], ""variable"": [""river_discharge_in_the_last_24_hours""]}"
2026-02-16T01:28:14Z,scan_20260216T012813Z,reforecast,P3,P3__reforecast__version_2_2__lisflood__control_reforecast,cems-glofas-reforecast,version_2_2,lisflood,control_reforecast,2020-12-14,dry_run,,dry_run,probe not executed in dry-run mode,repro/glofas_coverage_scan_runs/scan_20260216T012813Z/downloads/reforecast/P3__reforecast__version_2_2__lisflood__control_reforecast/2020-12-14.zip,"{""area"": [37.2443931, -122.272464, 36.8443931, -121.872464], ""data_format"": ""grib2"", ""download_format"": ""zip"", ""hday"": [""14""], ""hmonth"": [""12""], ""hydrological_model"": [""lisflood""], ""hyear"": [""2020""], ""leadtime_hour"": [""24""], ""product_type"": [""control_reforecast""], ""system_version"": [""version_2_2""], ""variable"": [""river_discharge_in_the_last_24_hours""]}"
2026-02-16T01:28:14Z,scan_20260216T012813Z,reforecast,P3,P3__reforecast__version_2_2__lisflood__control_reforecast,cems-glofas-reforecast,version_2_2,lisflood,control_reforecast,2021-01-04,dry_run,,dry_run,probe not executed in dry-run mode,repro/glofas_coverage_scan_runs/scan_20260216T012813Z/downloads/reforecast/P3__reforecast__version_2_2__lisflood__control_reforecast/2021-01-04.zip,"{""area"": [37.2443931, -122.272464, 36.8443931, -121.872464], ""data_format"": ""grib2"", ""download_format"": ""zip"", ""hday"": [""04""], ""hmonth"": [""01""], ""hydrological_model"": [""lisflood""], ""hyear"": [""2021""], ""leadtime_hour"": [""24""], ""product_type"": [""control_reforecast""], ""system_version"": [""version_2_2""], ""variable"": [""river_discharge_in_the_last_24_hours""]}"
2026-02-16T01:28:14Z,scan_20260216T012813Z,reforecast,P3,P3__reforecast__version_2_2__lisflood__control_reforecast,cems-glofas-reforecast,version_2_2,lisflood,control_reforecast,1999-01-04,dry_run,,dry_run,probe not executed in dry-run mode,repro/glofas_coverage_scan_runs/scan_20260216T012813Z/downloads/reforecast/P3__reforecast__version_2_2__lisflood__control_reforecast/1999-01-04.zip,"{""area"": [37.2443931, -122.272464, 36.8443931, -121.872464], ""data_format"": ""grib2"", ""download_format"": ""zip"", ""hday"": [""04""], ""hmonth"": [""01""], ""hydrological_model"": [""lisflood""], ""hyear"": [""1999""], ""leadtime_hour"": [""24""], ""product_type"": [""control_reforecast""], ""system_version"": [""version_2_2""], ""variable"": [""river_discharge_in_the_last_24_hours""]}"
2026-02-16T01:28:14Z,scan_20260216T012813Z,reforecast,P3,P3__reforecast__version_2_2__lisflood__control_reforecast,cems-glofas-reforecast,version_2_2,lisflood,control_reforecast,2023-11-23,dry_run,,dry_run,probe not executed in dry-run mode,repro/glofas_coverage_scan_runs/scan_20260216T012813Z/downloads/reforecast/P3__reforecast__version_2_2__lisflood__control_reforecast/2023-11-23.zip,"{""area"": [37.2443931, -122.272464, 36.8443931, -121.872464], ""data_format"": ""grib2"", ""download_format"": ""zip"", ""hday"": [""23""], ""hmonth"": [""11""], ""hydrological_model"": [""lisflood""], ""hyear"": [""2023""], ""leadtime_hour"": [""24""], ""product_type"": [""control_reforecast""], ""system_version"": [""version_2_2""], ""variable"": [""river_discharge_in_the_last_24_hours""]}"
2026-02-16T01:28:14Z,scan_20260216T012813Z,reforecast,P3,P3__reforecast__version_2_2__lisflood__control_reforecast,cems-glofas-reforecast,version_2_2,lisflood,control_reforecast,2011-06-16,dry_run,,dry_run,probe not executed in dry-run mode,repro/glofas_coverage_scan_runs/scan_20260216T012813Z/downloads/reforecast/P3__reforecast__version_2_2__lisflood__control_reforecast/2011-06-16.zip,"{""area"": [37.2443931, -122.272464, 36.8443931, -121.872464], ""data_format"": ""grib2"", ""download_format"": ""zip"", ""hday"": [""16""], ""hmonth"": [""06""], ""hydrological_model"": [""lisflood""], ""hyear"": [""2011""], ""leadtime_hour"": [""24""], ""product_type"": [""control_reforecast""], ""system_version"": [""version_2_2""], ""variable"": [""river_discharge_in_the_last_24_hours""]}"
2026-02-16T01:28:14Z,scan_20260216T012813Z,reforecast,P3,P3__reforecast__version_2_2__lisflood__control_reforecast,cems-glofas-reforecast,version_2_2,lisflood,control_reforecast,1999-11-15,dry_run,,dry_run,probe not executed in dry-run mode,repro/glofas_coverage_scan_runs/scan_20260216T012813Z/downloads/reforecast/P3__reforecast__version_2_2__lisflood__control_reforecast/1999-11-15.zip,"{""area"": [37.2443931, -122.272464, 36.8443931, -121.872464], ""data_format"": ""grib2"", ""download_format"": ""zip"", ""hday"": [""15""], ""hmonth"": [""11""], ""hydrological_model"": [""lisflood""], ""hyear"": [""1999""], ""leadtime_hour"": [""24""], ""product_type"": [""control_reforecast""], ""system_version"": [""version_2_2""], ""variable"": [""river_discharge_in_the_last_24_hours""]}"
2026-02-16T01:28:14Z,scan_20260216T012813Z,historical,P1,P1__historical__version_3_1__htessel_lisflood__consolidated,cems-glofas-historical,version_3_1,htessel_lisflood,consolidated,2021-06-15,dry_run,,dry_run,probe not executed in dry-run mode,repro/glofas_coverage_scan_runs/scan_20260216T012813Z/downloads/historical/P1__historical__version_3_1__htessel_lisflood__consolidated/2021-06-15.zip,"{""area"": [37.2443931, -122.272464, 36.8443931, -121.872464], ""data_format"": ""grib2"", ""download_format"": ""zip"", ""hday"": [""15""], ""hmonth"": [""06""], ""hydrological_model"": [""htessel_lisflood""], ""hyear"": [""2021""], ""product_type"": [""consolidated""], ""system_version"": [""version_3_1""], ""variable"": [""river_discharge_in_the_last_24_hours""]}"
2026-02-16T01:28:14Z,scan_20260216T012813Z,historical,P1,P1__historical__version_3_1__htessel_lisflood__consolidated,cems-glofas-historical,version_3_1,htessel_lisflood,consolidated,2021-05-26,dry_run,,dry_run,probe not executed in dry-run mode,repro/glofas_coverage_scan_runs/scan_20260216T012813Z/downloads/historical/P1__historical__version_3_1__htessel_lisflood__consolidated/2021-05-26.zip,"{""area"": [37.2443931, -122.272464, 36.8443931, -121.872464], ""data_format"": ""grib2"", ""download_format"": ""zip"", ""hday"": [""26""], ""hmonth"": [""05""], ""hydrological_model"": [""htessel_lisflood""], ""hyear"": [""2021""], ""product_type"": [""consolidated""], ""system_version"": [""version_3_1""], ""variable"": [""river_discharge_in_the_last_24_hours""]}"
2026-02-16T01:28:14Z,scan_20260216T012813Z,historical,P1,P1__historical__version_3_1__htessel_lisflood__consolidated,cems-glofas-historical,version_3_1,htessel_lisflood,consolidated,1979-01-01,dry_run,,dry_run,probe not executed in dry-run mode,repro/glofas_coverage_scan_runs/scan_20260216T012813Z/downloads/historical/P1__historical__version_3_1__htessel_lisflood__consolidated/1979-01-01.zip,"{""area"": [37.2443931, -122.272464, 36.8443931, -121.872464], ""data_format"": ""grib2"", ""download_format"": ""zip"", ""hday"": [""01""], ""hmonth"": [""01""], ""hydrological_model"": [""htessel_lisflood""], ""hyear"": [""1979""], ""product_type"": [""consolidated""], ""system_version"": [""version_3_1""], ""variable"": [""river_discharge_in_the_last_24_hours""]}"
2026-02-16T01:28:14Z,scan_20260216T012813Z,historical,P1,P1__historical__version_3_1__htessel_lisflood__consolidated,cems-glofas-historical,version_3_1,htessel_lisflood,consolidated,2026-02-15,dry_run,,dry_run,probe not executed in dry-run mode,repro/glofas_coverage_scan_runs/scan_20260216T012813Z/downloads/historical/P1__historical__version_3_1__htessel_lisflood__consolidated/2026-02-15.zip,"{""area"": [37.2443931, -122.272464, 36.8443931, -121.872464], ""data_format"": ""grib2"", ""download_format"": ""zip"", ""hday"": [""15""], ""hmonth"": [""02""], ""hydrological_model"": [""htessel_lisflood""], ""hyear"": [""2026""], ""product_type"": [""consolidated""], ""system_version"": [""version_3_1""], ""variable"": [""river_discharge_in_the_last_24_hours""]}"
2026-02-16T01:28:14Z,scan_20260216T012813Z,historical,P1,P1__historical__version_3_1__htessel_lisflood__consolidated,cems-glofas-historical,version_3_1,htessel_lisflood,consolidated,2002-07-25,dry_run,,dry_run,probe not executed in dry-run mode,repro/glofas_coverage_scan_runs/scan_20260216T012813Z/downloads/historical/P1__historical__version_3_1__htessel_lisflood__consolidated/2002-07-25.zip,"{""area"": [37.2443931, -122.272464, 36.8443931, -121.872464], ""data_format"": ""grib2"", ""download_format"": ""zip"", ""hday"": [""25""], ""hmonth"": [""07""], ""hydrological_model"": [""htessel_lisflood""], ""hyear"": [""2002""], ""product_type"": [""consolidated""], ""system_version"": [""version_3_1""], ""variable"": [""river_discharge_in_the_last_24_hours""]}"
2026-02-16T01:28:14Z,scan_20260216T012813Z,historical,P1,P1__historical__version_3_1__htessel_lisflood__consolidated,cems-glofas-historical,version_3_1,htessel_lisflood,consolidated,1979-04-01,dry_run,,dry_run,probe not executed in dry-run mode,repro/glofas_coverage_scan_runs/scan_20260216T012813Z/downloads/historical/P1__historical__version_3_1__htessel_lisflood__consolidated/1979-04-01.zip,"{""area"": [37.2443931, -122.272464, 36.8443931, -121.872464], ""data_format"": ""grib2"", ""download_format"": ""zip"", ""hday"": [""01""], ""hmonth"": [""04""], ""hydrological_model"": [""htessel_lisflood""], ""hyear"": [""1979""], ""product_type"": [""consolidated""], ""system_version"": [""version_3_1""], ""variable"": [""river_discharge_in_the_last_24_hours""]}"
2026-02-16T01:28:14Z,scan_20260216T012813Z,historical,P1,P1__historical__version_3_1__lisflood__consolidated,cems-glofas-historical,version_3_1,lisflood,consolidated,2021-06-15,dry_run,,dry_run,probe not executed in dry-run mode,repro/glofas_coverage_scan_runs/scan_20260216T012813Z/downloads/historical/P1__historical__version_3_1__lisflood__consolidated/2021-06-15.zip,"{""area"": [37.2443931, -122.272464, 36.8443931, -121.872464], ""data_format"": ""grib2"", ""download_format"": ""zip"", ""hday"": [""15""], ""hmonth"": [""06""], ""hydrological_model"": [""lisflood""], ""hyear"": [""2021""], ""product_type"": [""consolidated""], ""system_version"": [""version_3_1""], ""variable"": [""river_discharge_in_the_last_24_hours""]}"
2026-02-16T01:28:14Z,scan_20260216T012813Z,historical,P1,P1__historical__version_3_1__lisflood__consolidated,cems-glofas-historical,version_3_1,lisflood,consolidated,2021-05-26,dry_run,,dry_run,probe not executed in dry-run mode,repro/glofas_coverage_scan_runs/scan_20260216T012813Z/downloads/historical/P1__historical__version_3_1__lisflood__consolidated/2021-05-26.zip,"{""area"": [37.2443931, -122.272464, 36.8443931, -121.872464], ""data_format"": ""grib2"", ""download_format"": ""zip"", ""hday"": [""26""], ""hmonth"": [""05""], ""hydrological_model"": [""lisflood""], ""hyear"": [""2021""], ""product_type"": [""consolidated""], ""system_version"": [""version_3_1""], ""variable"": [""river_discharge_in_the_last_24_hours""]}"
2026-02-16T01:28:14Z,scan_20260216T012813Z,historical,P1,P1__historical__version_3_1__lisflood__consolidated,cems-glofas-historical,version_3_1,lisflood,consolidated,1979-01-01,dry_run,,dry_run,probe not executed in dry-run mode,repro/glofas_coverage_scan_runs/scan_20260216T012813Z/downloads/historical/P1__historical__version_3_1__lisflood__consolidated/1979-01-01.zip,"{""area"": [37.2443931, -122.272464, 36.8443931, -121.872464], ""data_format"": ""grib2"", ""download_format"": ""zip"", ""hday"": [""01""], ""hmonth"": [""01""], ""hydrological_model"": [""lisflood""], ""hyear"": [""1979""], ""product_type"": [""consolidated""], ""system_version"": [""version_3_1""], ""variable"": [""river_discharge_in_the_last_24_hours""]}"
2026-02-16T01:28:14Z,scan_20260216T012813Z,historical,P1,P1__historical__version_3_1__lisflood__consolidated,cems-glofas-historical,version_3_1,lisflood,consolidated,2026-02-15,dry_run,,dry_run,probe not executed in dry-run mode,repro/glofas_coverage_scan_runs/scan_20260216T012813Z/downloads/historical/P1__historical__version_3_1__lisflood__consolidated/2026-02-15.zip,"{""area"": [37.2443931, -122.272464, 36.8443931, -121.872464], ""data_format"": ""grib2"", ""download_format"": ""zip"", ""hday"": [""15""], ""hmonth"": [""02""], ""hydrological_model"": [""lisflood""], ""hyear"": [""2026""], ""product_type"": [""consolidated""], ""system_version"": [""version_3_1""], ""variable"": [""river_discharge_in_the_last_24_hours""]}"
2026-02-16T01:28:14Z,scan_20260216T012813Z,historical,P1,P1__historical__version_3_1__lisflood__consolidated,cems-glofas-historical,version_3_1,lisflood,consolidated,2002-07-25,dry_run,,dry_run,probe not executed in dry-run mode,repro/glofas_coverage_scan_runs/scan_20260216T012813Z/downloads/historical/P1__historical__version_3_1__lisflood__consolidated/2002-07-25.zip,"{""area"": [37.2443931, -122.272464, 36.8443931, -121.872464], ""data_format"": ""grib2"", ""download_format"": ""zip"", ""hday"": [""25""], ""hmonth"": [""07""], ""hydrological_model"": [""lisflood""], ""hyear"": [""2002""], ""product_type"": [""consolidated""], ""system_version"": [""version_3_1""], ""variable"": [""river_discharge_in_the_last_24_hours""]}"
2026-02-16T01:28:14Z,scan_20260216T012813Z,historical,P1,P1__historical__version_3_1__lisflood__consolidated,cems-glofas-historical,version_3_1,lisflood,consolidated,1979-04-01,dry_run,,dry_run,probe not executed in dry-run mode,repro/glofas_coverage_scan_runs/scan_20260216T012813Z/downloads/historical/P1__historical__version_3_1__lisflood__consolidated/1979-04-01.zip,"{""area"": [37.2443931, -122.272464, 36.8443931, -121.872464], ""data_format"": ""grib2"", ""download_format"": ""zip"", ""hday"": [""01""], ""hmonth"": [""04""], ""hydrological_model"": [""lisflood""], ""hyear"": [""1979""], ""product_type"": [""consolidated""], ""system_version"": [""version_3_1""], ""variable"": [""river_discharge_in_the_last_24_hours""]}"
2026-02-16T01:28:14Z,scan_20260216T012813Z,historical,P2,P2__historical__version_4_0__htessel_lisflood__consolidated,cems-glofas-historical,version_4_0,htessel_lisflood,consolidated,2023-03-27,dry_run,,dry_run,probe not executed in dry-run mode,repro/glofas_coverage_scan_runs/scan_20260216T012813Z/downloads/historical/P2__historical__version_4_0__htessel_lisflood__consolidated/2023-03-27.zip,"{""area"": [37.2443931, -122.272464, 36.8443931, -121.872464], ""data_format"": ""grib2"", ""download_format"": ""zip"", ""hday"": [""27""], ""hmonth"": [""03""], ""hydrological_model"": [""htessel_lisflood""], ""hyear"": [""2023""], ""product_type"": [""consolidated""], ""system_version"": [""version_4_0""], ""variable"": [""river_discharge_in_the_last_24_hours""]}"
2026-02-16T01:28:14Z,scan_20260216T012813Z,historical,P2,P2__historical__version_4_0__htessel_lisflood__consolidated,cems-glofas-historical,version_4_0,htessel_lisflood,consolidated,2021-01-04,dry_run,,dry_run,probe not executed in dry-run mode,repro/glofas_coverage_scan_runs/scan_20260216T012813Z/downloads/historical/P2__historical__version_4_0__htessel_lisflood__consolidated/2021-01-04.zip,"{""area"": [37.2443931, -122.272464, 36.8443931, -121.872464], ""data_format"": ""grib2"", ""download_format"": ""zip"", ""hday"": [""04""], ""hmonth"": [""01""], ""hydrological_model"": [""htessel_lisflood""], ""hyear"": [""2021""], ""product_type"": [""consolidated""], ""system_version"": [""version_4_0""], ""variable"": [""river_discharge_in_the_last_24_hours""]}"
2026-02-16T01:28:14Z,scan_20260216T012813Z,historical,P2,P2__historical__version_4_0__htessel_lisflood__consolidated,cems-glofas-historical,version_4_0,htessel_lisflood,consolidated,1979-01-01,dry_run,,dry_run,probe not executed in dry-run mode,repro/glofas_coverage_scan_runs/scan_20260216T012813Z/downloads/historical/P2__historical__version_4_0__htessel_lisflood__consolidated/1979-01-01.zip,"{""area"": [37.2443931, -122.272464, 36.8443931, -121.872464], ""data_format"": ""grib2"", ""download_format"": ""zip"", ""hday"": [""01""], ""hmonth"": [""01""], ""hydrological_model"": [""htessel_lisflood""], ""hyear"": [""1979""], ""product_type"": [""consolidated""], ""system_version"": [""version_4_0""], ""variable"": [""river_discharge_in_the_last_24_hours""]}"
2026-02-16T01:28:14Z,scan_20260216T012813Z,historical,P2,P2__historical__version_4_0__htessel_lisflood__consolidated,cems-glofas-historical,version_4_0,htessel_lisflood,consolidated,2026-02-15,dry_run,,dry_run,probe not executed in dry-run mode,repro/glofas_coverage_scan_runs/scan_20260216T012813Z/downloads/historical/P2__historical__version_4_0__htessel_lisflood__consolidated/2026-02-15.zip,"{""area"": [37.2443931, -122.272464, 36.8443931, -121.872464], ""data_format"": ""grib2"", ""download_format"": ""zip"", ""hday"": [""15""], ""hmonth"": [""02""], ""hydrological_model"": [""htessel_lisflood""], ""hyear"": [""2026""], ""product_type"": [""consolidated""], ""system_version"": [""version_4_0""], ""variable"": [""river_discharge_in_the_last_24_hours""]}"
2026-02-16T01:28:14Z,scan_20260216T012813Z,historical,P2,P2__historical__version_4_0__htessel_lisflood__consolidated,cems-glofas-historical,version_4_0,htessel_lisflood,consolidated,2002-07-25,dry_run,,dry_run,probe not executed in dry-run mode,repro/glofas_coverage_scan_runs/scan_20260216T012813Z/downloads/historical/P2__historical__version_4_0__htessel_lisflood__consolidated/2002-07-25.zip,"{""area"": [37.2443931, -122.272464, 36.8443931, -121.872464], ""data_format"": ""grib2"", ""download_format"": ""zip"", ""hday"": [""25""], ""hmonth"": [""07""], ""hydrological_model"": [""htessel_lisflood""], ""hyear"": [""2002""], ""product_type"": [""consolidated""], ""system_version"": [""version_4_0""], ""variable"": [""river_discharge_in_the_last_24_hours""]}"
2026-02-16T01:28:14Z,scan_20260216T012813Z,historical,P2,P2__historical__version_4_0__htessel_lisflood__consolidated,cems-glofas-historical,version_4_0,htessel_lisflood,consolidated,1979-04-01,dry_run,,dry_run,probe not executed in dry-run mode,repro/glofas_coverage_scan_runs/scan_20260216T012813Z/downloads/historical/P2__historical__version_4_0__htessel_lisflood__consolidated/1979-04-01.zip,"{""area"": [37.2443931, -122.272464, 36.8443931, -121.872464], ""data_format"": ""grib2"", ""download_format"": ""zip"", ""hday"": [""01""], ""hmonth"": [""04""], ""hydrological_model"": [""htessel_lisflood""], ""hyear"": [""1979""], ""product_type"": [""consolidated""], ""system_version"": [""version_4_0""], ""variable"": [""river_discharge_in_the_last_24_hours""]}"
2026-02-16T01:28:14Z,scan_20260216T012813Z,historical,P2,P2__historical__version_4_0__lisflood__consolidated,cems-glofas-historical,version_4_0,lisflood,consolidated,2023-03-27,dry_run,,dry_run,probe not executed in dry-run mode,repro/glofas_coverage_scan_runs/scan_20260216T012813Z/downloads/historical/P2__historical__version_4_0__lisflood__consolidated/2023-03-27.zip,"{""area"": [37.2443931, -122.272464, 36.8443931, -121.872464], ""data_format"": ""grib2"", ""download_format"": ""zip"", ""hday"": [""27""], ""hmonth"": [""03""], ""hydrological_model"": [""lisflood""], ""hyear"": [""2023""], ""product_type"": [""consolidated""], ""system_version"": [""version_4_0""], ""variable"": [""river_discharge_in_the_last_24_hours""]}"
2026-02-16T01:28:14Z,scan_20260216T012813Z,historical,P2,P2__historical__version_4_0__lisflood__consolidated,cems-glofas-historical,version_4_0,lisflood,consolidated,2021-01-04,dry_run,,dry_run,probe not executed in dry-run mode,repro/glofas_coverage_scan_runs/scan_20260216T012813Z/downloads/historical/P2__historical__version_4_0__lisflood__consolidated/2021-01-04.zip,"{""area"": [37.2443931, -122.272464, 36.8443931, -121.872464], ""data_format"": ""grib2"", ""download_format"": ""zip"", ""hday"": [""04""], ""hmonth"": [""01""], ""hydrological_model"": [""lisflood""], ""hyear"": [""2021""], ""product_type"": [""consolidated""], ""system_version"": [""version_4_0""], ""variable"": [""river_discharge_in_the_last_24_hours""]}"
2026-02-16T01:28:14Z,scan_20260216T012813Z,historical,P2,P2__historical__version_4_0__lisflood__consolidated,cems-glofas-historical,version_4_0,lisflood,consolidated,1979-01-01,dry_run,,dry_run,probe not executed in dry-run mode,repro/glofas_coverage_scan_runs/scan_20260216T012813Z/downloads/historical/P2__historical__version_4_0__lisflood__consolidated/1979-01-01.zip,"{""area"": [37.2443931, -122.272464, 36.8443931, -121.872464], ""data_format"": ""grib2"", ""download_format"": ""zip"", ""hday"": [""01""], ""hmonth"": [""01""], ""hydrological_model"": [""lisflood""], ""hyear"": [""1979""], ""product_type"": [""consolidated""], ""system_version"": [""version_4_0""], ""variable"": [""river_discharge_in_the_last_24_hours""]}"
2026-02-16T01:28:14Z,scan_20260216T012813Z,historical,P2,P2__historical__version_4_0__lisflood__consolidated,cems-glofas-historical,version_4_0,lisflood,consolidated,2026-02-15,dry_run,,dry_run,probe not executed in dry-run mode,repro/glofas_coverage_scan_runs/scan_20260216T012813Z/downloads/historical/P2__historical__version_4_0__lisflood__consolidated/2026-02-15.zip,"{""area"": [37.2443931, -122.272464, 36.8443931, -121.872464], ""data_format"": ""grib2"", ""download_format"": ""zip"", ""hday"": [""15""], ""hmonth"": [""02""], ""hydrological_model"": [""lisflood""], ""hyear"": [""2026""], ""product_type"": [""consolidated""], ""system_version"": [""version_4_0""], ""variable"": [""river_discharge_in_the_last_24_hours""]}"
2026-02-16T01:28:14Z,scan_20260216T012813Z,historical,P2,P2__historical__version_4_0__lisflood__consolidated,cems-glofas-historical,version_4_0,lisflood,consolidated,2002-07-25,dry_run,,dry_run,probe not executed in dry-run mode,repro/glofas_coverage_scan_runs/scan_20260216T012813Z/downloads/historical/P2__historical__version_4_0__lisflood__consolidated/2002-07-25.zip,"{""area"": [37.2443931, -122.272464, 36.8443931, -121.872464], ""data_format"": ""grib2"", ""download_format"": ""zip"", ""hday"": [""25""], ""hmonth"": [""07""], ""hydrological_model"": [""lisflood""], ""hyear"": [""2002""], ""product_type"": [""consolidated""], ""system_version"": [""version_4_0""], ""variable"": [""river_discharge_in_the_last_24_hours""]}"
2026-02-16T01:28:14Z,scan_20260216T012813Z,historical,P2,P2__historical__version_4_0__lisflood__consolidated,cems-glofas-historical,version_4_0,lisflood,consolidated,1979-04-01,dry_run,,dry_run,probe not executed in dry-run mode,repro/glofas_coverage_scan_runs/scan_20260216T012813Z/downloads/historical/P2__historical__version_4_0__lisflood__consolidated/1979-04-01.zip,"{""area"": [37.2443931, -122.272464, 36.8443931, -121.872464], ""data_format"": ""grib2"", ""download_format"": ""zip"", ""hday"": [""01""], ""hmonth"": [""04""], ""hydrological_model"": [""lisflood""], ""hyear"": [""1979""], ""product_type"": [""consolidated""], ""system_version"": [""version_4_0""], ""variable"": [""river_discharge_in_the_last_24_hours""]}"
2026-02-16T01:28:14Z,scan_20260216T012813Z,historical,P3,P3__historical__version_2_1__htessel_lisflood__consolidated,cems-glofas-historical,version_2_1,htessel_lisflood,consolidated,2020-01-16,dry_run,,dry_run,probe not executed in dry-run mode,repro/glofas_coverage_scan_runs/scan_20260216T012813Z/downloads/historical/P3__historical__version_2_1__htessel_lisflood__consolidated/2020-01-16.zip,"{""area"": [37.2443931, -122.272464, 36.8443931, -121.872464], ""data_format"": ""grib2"", ""download_format"": ""zip"", ""hday"": [""16""], ""hmonth"": [""01""], ""hydrological_model"": [""htessel_lisflood""], ""hyear"": [""2020""], ""product_type"": [""consolidated""], ""system_version"": [""version_2_1""], ""variable"": [""river_discharge_in_the_last_24_hours""]}"
2026-02-16T01:28:14Z,scan_20260216T012813Z,historical,P3,P3__historical__version_2_1__htessel_lisflood__consolidated,cems-glofas-historical,version_2_1,htessel_lisflood,consolidated,2019-11-05,dry_run,,dry_run,probe not executed in dry-run mode,repro/glofas_coverage_scan_runs/scan_20260216T012813Z/downloads/historical/P3__historical__version_2_1__htessel_lisflood__consolidated/2019-11-05.zip,"{""area"": [37.2443931, -122.272464, 36.8443931, -121.872464], ""data_format"": ""grib2"", ""download_format"": ""zip"", ""hday"": [""05""], ""hmonth"": [""11""], ""hydrological_model"": [""htessel_lisflood""], ""hyear"": [""2019""], ""product_type"": [""consolidated""], ""system_version"": [""version_2_1""], ""variable"": [""river_discharge_in_the_last_24_hours""]}"
2026-02-16T01:28:14Z,scan_20260216T012813Z,historical,P3,P3__historical__version_2_1__htessel_lisflood__consolidated,cems-glofas-historical,version_2_1,htessel_lisflood,consolidated,1979-01-01,dry_run,,dry_run,probe not executed in dry-run mode,repro/glofas_coverage_scan_runs/scan_20260216T012813Z/downloads/historical/P3__historical__version_2_1__htessel_lisflood__consolidated/1979-01-01.zip,"{""area"": [37.2443931, -122.272464, 36.8443931, -121.872464], ""data_format"": ""grib2"", ""download_format"": ""zip"", ""hday"": [""01""], ""hmonth"": [""01""], ""hydrological_model"": [""htessel_lisflood""], ""hyear"": [""1979""], ""product_type"": [""consolidated""], ""system_version"": [""version_2_1""], ""variable"": [""river_discharge_in_the_last_24_hours""]}"
2026-02-16T01:28:14Z,scan_20260216T012813Z,historical,P3,P3__historical__version_2_1__htessel_lisflood__consolidated,cems-glofas-historical,version_2_1,htessel_lisflood,consolidated,2026-02-15,dry_run,,dry_run,probe not executed in dry-run mode,repro/glofas_coverage_scan_runs/scan_20260216T012813Z/downloads/historical/P3__historical__version_2_1__htessel_lisflood__consolidated/2026-02-15.zip,"{""area"": [37.2443931, -122.272464, 36.8443931, -121.872464], ""data_format"": ""grib2"", ""download_format"": ""zip"", ""hday"": [""15""], ""hmonth"": [""02""], ""hydrological_model"": [""htessel_lisflood""], ""hyear"": [""2026""], ""product_type"": [""consolidated""], ""system_version"": [""version_2_1""], ""variable"": [""river_discharge_in_the_last_24_hours""]}"
2026-02-16T01:28:14Z,scan_20260216T012813Z,historical,P3,P3__historical__version_2_1__htessel_lisflood__consolidated,cems-glofas-historical,version_2_1,htessel_lisflood,consolidated,2002-07-25,dry_run,,dry_run,probe not executed in dry-run mode,repro/glofas_coverage_scan_runs/scan_20260216T012813Z/downloads/historical/P3__historical__version_2_1__htessel_lisflood__consolidated/2002-07-25.zip,"{""area"": [37.2443931, -122.272464, 36.8443931, -121.872464], ""data_format"": ""grib2"", ""download_format"": ""zip"", ""hday"": [""25""], ""hmonth"": [""07""], ""hydrological_model"": [""htessel_lisflood""], ""hyear"": [""2002""], ""product_type"": [""consolidated""], ""system_version"": [""version_2_1""], ""variable"": [""river_discharge_in_the_last_24_hours""]}"
2026-02-16T01:28:14Z,scan_20260216T012813Z,historical,P3,P3__historical__version_2_1__htessel_lisflood__consolidated,cems-glofas-historical,version_2_1,htessel_lisflood,consolidated,1979-04-01,dry_run,,dry_run,probe not executed in dry-run mode,repro/glofas_coverage_scan_runs/scan_20260216T012813Z/downloads/historical/P3__historical__version_2_1__htessel_lisflood__consolidated/1979-04-01.zip,"{""area"": [37.2443931, -122.272464, 36.8443931, -121.872464], ""data_format"": ""grib2"", ""download_format"": ""zip"", ""hday"": [""01""], ""hmonth"": [""04""], ""hydrological_model"": [""htessel_lisflood""], ""hyear"": [""1979""], ""product_type"": [""consolidated""], ""system_version"": [""version_2_1""], ""variable"": [""river_discharge_in_the_last_24_hours""]}"
2026-02-16T01:28:14Z,scan_20260216T012813Z,historical,P3,P3__historical__version_2_1__lisflood__consolidated,cems-glofas-historical,version_2_1,lisflood,consolidated,2020-01-16,dry_run,,dry_run,probe not executed in dry-run mode,repro/glofas_coverage_scan_runs/scan_20260216T012813Z/downloads/historical/P3__historical__version_2_1__lisflood__consolidated/2020-01-16.zip,"{""area"": [37.2443931, -122.272464, 36.8443931, -121.872464], ""data_format"": ""grib2"", ""download_format"": ""zip"", ""hday"": [""16""], ""hmonth"": [""01""], ""hydrological_model"": [""lisflood""], ""hyear"": [""2020""], ""product_type"": [""consolidated""], ""system_version"": [""version_2_1""], ""variable"": [""river_discharge_in_the_last_24_hours""]}"
2026-02-16T01:28:14Z,scan_20260216T012813Z,historical,P3,P3__historical__version_2_1__lisflood__consolidated,cems-glofas-historical,version_2_1,lisflood,consolidated,2019-11-05,dry_run,,dry_run,probe not executed in dry-run mode,repro/glofas_coverage_scan_runs/scan_20260216T012813Z/downloads/historical/P3__historical__version_2_1__lisflood__consolidated/2019-11-05.zip,"{""area"": [37.2443931, -122.272464, 36.8443931, -121.872464], ""data_format"": ""grib2"", ""download_format"": ""zip"", ""hday"": [""05""], ""hmonth"": [""11""], ""hydrological_model"": [""lisflood""], ""hyear"": [""2019""], ""product_type"": [""consolidated""], ""system_version"": [""version_2_1""], ""variable"": [""river_discharge_in_the_last_24_hours""]}"
2026-02-16T01:28:14Z,scan_20260216T012813Z,historical,P3,P3__historical__version_2_1__lisflood__consolidated,cems-glofas-historical,version_2_1,lisflood,consolidated,1979-01-01,dry_run,,dry_run,probe not executed in dry-run mode,repro/glofas_coverage_scan_runs/scan_20260216T012813Z/downloads/historical/P3__historical__version_2_1__lisflood__consolidated/1979-01-01.zip,"{""area"": [37.2443931, -122.272464, 36.8443931, -121.872464], ""data_format"": ""grib2"", ""download_format"": ""zip"", ""hday"": [""01""], ""hmonth"": [""01""], ""hydrological_model"": [""lisflood""], ""hyear"": [""1979""], ""product_type"": [""consolidated""], ""system_version"": [""version_2_1""], ""variable"": [""river_discharge_in_the_last_24_hours""]}"
2026-02-16T01:28:14Z,scan_20260216T012813Z,historical,P3,P3__historical__version_2_1__lisflood__consolidated,cems-glofas-historical,version_2_1,lisflood,consolidated,2026-02-15,dry_run,,dry_run,probe not executed in dry-run mode,repro/glofas_coverage_scan_runs/scan_20260216T012813Z/downloads/historical/P3__historical__version_2_1__lisflood__consolidated/2026-02-15.zip,"{""area"": [37.2443931, -122.272464, 36.8443931, -121.872464], ""data_format"": ""grib2"", ""download_format"": ""zip"", ""hday"": [""15""], ""hmonth"": [""02""], ""hydrological_model"": [""lisflood""], ""hyear"": [""2026""], ""product_type"": [""consolidated""], ""system_version"": [""version_2_1""], ""variable"": [""river_discharge_in_the_last_24_hours""]}"
2026-02-16T01:28:14Z,scan_20260216T012813Z,historical,P3,P3__historical__version_2_1__lisflood__consolidated,cems-glofas-historical,version_2_1,lisflood,consolidated,2002-07-25,dry_run,,dry_run,probe not executed in dry-run mode,repro/glofas_coverage_scan_runs/scan_20260216T012813Z/downloads/historical/P3__historical__version_2_1__lisflood__consolidated/2002-07-25.zip,"{""area"": [37.2443931, -122.272464, 36.8443931, -121.872464], ""data_format"": ""grib2"", ""download_format"": ""zip"", ""hday"": [""25""], ""hmonth"": [""07""], ""hydrological_model"": [""lisflood""], ""hyear"": [""2002""], ""product_type"": [""consolidated""], ""system_version"": [""version_2_1""], ""variable"": [""river_discharge_in_the_last_24_hours""]}"
2026-02-16T01:28:14Z,scan_20260216T012813Z,historical,P3,P3__historical__version_2_1__lisflood__consolidated,cems-glofas-historical,version_2_1,lisflood,consolidated,1979-04-01,dry_run,,dry_run,probe not executed in dry-run mode,repro/glofas_coverage_scan_runs/scan_20260216T012813Z/downloads/historical/P3__historical__version_2_1__lisflood__consolidated/1979-04-01.zip,"{""area"": [37.2443931, -122.272464, 36.8443931, -121.872464], ""data_format"": ""grib2"", ""download_format"": ""zip"", ""hday"": [""01""], ""hmonth"": [""04""], ""hydrological_model"": [""lisflood""], ""hyear"": [""1979""], ""product_type"": [""consolidated""], ""system_version"": [""version_2_1""], ""variable"": [""river_discharge_in_the_last_24_hours""]}"
